FirstName,LastName,Mail,Password,Description,Office
ForNavn01,EfterNavn,mail@jmm.local,Password12345,Direktoer,Odense
ForNavn02,EfterNavn,mail@jmm.local,Password12345,Direktoer,Odense
ForNavn03,EfterNavn,mail@jmm.local,Password12345,Support,Odense
ForNavn04,EfterNavn,mail@jmm.local,Password12345,Support,Odense
ForNavn05,EfterNavn,mail@jmm.local,Password12345,Support,Odense
ForNavn06,EfterNavn,mail@jmm.local,Password12345,Support,Odense
ForNavn07,EfterNavn,mail@jmm.local,Password12345,Support,Odense
ForNavn08,EfterNavn,mail@jmm.local,Password12345,Support,Odense
ForNavn09,EfterNavn,mail@jmm.local,Password12345,Support,Odense
ForNavn010,EfterNavn,mail@jmm.local,Password12345,Support,Odense
ForNavn011,EfterNavn,mail@jmm.local,Password12345,Support,Odense
ForNavn012,EfterNavn,mail@jmm.local,Password12345,Support,Odense
ForNavn013,EfterNavn,mail@jmm.local,Password12345,System,Odense
ForNavn014,EfterNavn,mail@jmm.local,Password12345,System,Odense
ForNavn015,EfterNavn,mail@jmm.local,Password12345,System,Odense

ForNavn016,EfterNavn,mail@jmm.local,Password12345,Support,Vejle
ForNavn017,EfterNavn,mail@jmm.local,Password12345,Support,Vejle
ForNavn018,EfterNavn,mail@jmm.local,Password12345,Support,Vejle
ForNavn019,EfterNavn,mail@jmm.local,Password12345,Support,Vejle
ForNavn020,EfterNavn,mail@jmm.local,Password12345,Support,Vejle
ForNavn021,EfterNavn,mail@jmm.local,Password12345,Support,Vejle
ForNavn022,EfterNavn,mail@jmm.local,Password12345,Support,Vejle
ForNavn023,EfterNavn,mail@jmm.local,Password12345,Support,Vejle
ForNavn024,EfterNavn,mail@jmm.local,Password12345,System,Vejle
ForNavn025,EfterNavn,mail@jmm.local,Password12345,System,Vejle

ForNavn026,EfterNavn,mail@jmm.local,Password12345,Support,Svendborg
ForNavn027,EfterNavn,mail@jmm.local,Password12345,Support,Svendborg
ForNavn028,EfterNavn,mail@jmm.local,Password12345,Support,Svendborg
ForNavn029,EfterNavn,mail@jmm.local,Password12345,Support,Svendborg
ForNavn030,EfterNavn,mail@jmm.local,Password12345,Support,Svendborg
ForNavn031,EfterNavn,mail@jmm.local,Password12345,Support,Svendborg
ForNavn032,EfterNavn,mail@jmm.local,Password12345,Support,Svendborg
ForNavn033,EfterNavn,mail@jmm.local,Password12345,Support,Svendborg
ForNavn034,EfterNavn,mail@jmm.local,Password12345,System,Svendborg
ForNavn035,EfterNavn,mail@jmm.local,Password12345,System,Svendborg